<?xml version="1.0" encoding="UTF-8" ?>
<!DOCTYPE mapper
        PUBLIC "-//mybatis.org//DTD Mapper 3.0//EN"
        "https://mybatis.org/dtd/mybatis-3-mapper.dtd">
<mapper namespace="componentMapper">

    <resultMap id="compResultMap" type="Comp">
        <result property="cpCode" column="cp_code"/>
        <result property="cpName" column="cp_name"/>
        <result property="price" column="price"/>
        <result property="qty" column="qty"/>
        <result property="localCode" column="local_code"/>
        <result property="minQty" column="min_qty"/>
    </resultMap>

    <!-- 번호를 창고이름 변환-->
    <select id="getAllComponents" resultMap="compResultMap">
        select cp_code, cp_name, price, qty, local_code, min_qty
        from tb_component
        order by cp_code
    </select>


    <select id="searchComponents" parameterType="string" resultMap="compResultMap">
        select cp_code, cp_name, price, qty, local_code, min_qty
          from tb_component
         order by cp_code
    </select>

    <update id="increaseStock">
        update tb_component
           set qty = qty + #{qty}
         where cp_code = #{cpCode}
    </update>

    <update id="decreaseStock">
        update tb_component
           set qty = qty - #{qty}
         where cp_code = #{cpCode}
    </update>

    <select id="getCurrentQty" parameterType="string" resultType="int">
        select qty
          from tb_component
         where cp_code = #{cpCode}
    </select>

</mapper>