<?xml version="1.0" encoding="UTF-8"?>
<!DOCTYPE mapper PUBLIC "-//mybatis.org//DTD Mapper 3.0//EN" "mybatis-3-mapper.dtd" >
<mapper namespace="employeeMapper">
    <resultMap id="employeeResultSet" type="Employee">
        <result column="emp_no" property="empNo"/>
        <result column="emp_pwd" property="empPwd"/>
        <result column="email" property="email"/>
        <result column="emp_lname" property="empLName"/>
        <result column="emp_name" property="empName"/>
        <result column="emp_eng_lname" property="empEngLName"/>
        <result column="emp_eng_name" property="empEngName"/>
        <result column="birthday" property="birthday"/>
        <result column="dept_code" property="deptCode"/>
        <result column="dept_name" property="deptName"/>
        <result column="job_code" property="jobCode"/>
        <result column="job_name" property="jobName"/>
        <result column="change_name" property="changeName"/>
        <result column="address" property="address"/>
        <result column="phone" property="phone"/>
        <result column="ext_no" property="extNo"/>
        <result column="emp_status" property="empStatus"/>
        <result column="create_date" property="createDate"/>
        <result column="modify_date" property="modifyDate"/>
        <result column="hire_Date" property="hireDate"/>
        <result column="retired_date" property="retiredDate"/>
    </resultMap>

    <select id="loginEmp" resultMap="employeeResultSet">
        select
          emp_no
        , emp_pwd
        , email
        , emp_lname
        , emp_name
        , emp_eng_lname
        , emp_eng_name
        , to_char(birthday, 'YYYY-MM-DD') as birthday
        , dept_code
        , dept_name
        , job_code
        , job_name
        , address
        , phone
        , ext_no
        , change_name
        , emp_status
        , to_char(create_date, 'YYYY-MM-DD') as create_date
        , to_char(modify_date, 'YYYY-MM-DD') as modify_date
        , to_char(hire_date, 'YYYY-MM-DD') as hire_date
        , to_char(retired_date, 'YYYY-MM-DD') as retired_date
        from tb_employee
        join tb_department using (dept_code)
        join tb_job using (job_code)
        left join tb_attachment on (emp_no = up_emp_no and ref_type = 'F' and file_status = 'U')
        where emp_status = 'H'
        and emp_no = #{empNo}
    </select>

    <insert id="insertEmpInfo">
        <!-- 1) EMP_NO를 미리 생성: YYMM || LPAD(SEQ_EMP.NEXTVAL,4,'0') -->
        <selectKey keyProperty="empNo" resultType="string" order="BEFORE">
            SELECT TO_CHAR( TO_DATE(#{hireDate}, 'YYYY-MM-DD'), 'YYMM')
            || LPAD(SEQ_EMP.NEXTVAL, 4, '0')
            FROM dual
        </selectKey>

        insert
            into tb_employee
             (
               emp_no
             , email
             , emp_Pwd
             , emp_lname
             , emp_name
             , emp_eng_lname
             , emp_eng_name
             , birthday
             , dept_code
             , job_code
             , address
             , phone
             , ext_no
             , hire_date
             )
             values
             (
               #{empNo}
             , #{empNo} || '@gmail.com'
             , #{empPwd}
             , #{empLName}
             , #{empName}
             , #{empEngLName}
             , #{empEngName}
             , #{birthday}
             , #{deptCode}
             , #{jobCode}
             , #{address}
             , #{phone}
             , #{extNo}
             , #{hireDate}
             )

    </insert>

    <select id="selectEmpNo" resultMap="employeeResultSet">
        select
               emp_no
             , emp_pwd
             , email
             , emp_lname
             , emp_name
             , emp_eng_lname
             , emp_eng_name
             , to_char(birthday, 'YYYY-MM-DD') as birthday
             , dept_code
             , dept_name
             , job_code
             , job_name
             , address
             , phone
             , ext_no
             , emp_status
             , to_char(create_date, 'YYYY-MM-DD') as create_date
             , to_char(modify_date, 'YYYY-MM-DD') as modify_date
             , to_char(hire_date, 'YYYY-MM-DD') as hire_date
             , to_char(retired_date, 'YYYY-MM-DD') as retired_date
          from tb_employee
          join tb_department using (dept_code)
          join tb_job using (job_code)
         where emp_status = 'H'
           and emp_no = #{empNo}
    </select>
    
    <select id="checkEmpNo" resultMap="employeeResultSet">
        select
               emp_no
             , emp_lname || emp_name as "emp_name"
             , dept_name
             , substr(job_name, -2) as "job_name"
             , to_char(hire_date, 'YYYY-MM-DD') as "hire_date"
             , address
             , phone
          from tb_employee
          join tb_department using (dept_code)
          join tb_job using(job_code)
         where emp_no = #{empNo}
           and emp_status = 'H'
    </select>

    <select id="checkEmpNoCer" resultMap="employeeResultSet">
        select
        emp_no
        , emp_lname || emp_name as "emp_name"
        , dept_name
        , substr(job_name, -2) as "job_name"
        , to_char(hire_date, 'YYYY-MM-DD') as "hire_date"
        , address
        , phone
        from tb_employee
        join tb_department using (dept_code)
        join tb_job using(job_code)
        where emp_no = #{empNo}
    </select>

    <update id="updateEmpSelective" parameterType="Employee">
        update tb_employee
            <set>
                <if test="email != null">         email = #{email},</if>
                <if test="empLName != null">      emp_lname = #{empLName},</if>
                <if test="empName != null">       emp_name = #{empName},</if>
                <if test="empEngLName != null">   emp_eng_lname = #{empEngLName},</if>
                <if test="empEngName != null">    emp_eng_name = #{empEngName},</if>
                <if test="birthday != null">      birthday = #{birthday},</if>
                <if test="deptCode != null">      dept_code = #{deptCode},</if>
                <if test="deptName != null">      dept_name = #{deptName},</if>
                <if test="jobCode != null">       job_code = #{jobCode},</if>
                <if test="jobName != null">       job_name = #{jobName},</if>
                <if test="address != null">       address = #{address},</if>
                <if test="phone != null">         phone = #{phone},</if>
                <if test="extNo != null">         ext_no = #{extNo},</if>
                modify_date = sysdate
            </set>
         where emp_no = #{empNo}
           and emp_status = 'H'
    </update>

    <update id="deleteEmp">
        update tb_employee
            set
               emp_status = 'F'
             , retired_date = sysdate
         where emp_no = #{empNo}
           and emp_status = 'H'
    </update>

    <select id="selectEmpAllList" resultMap="employeeResultSet">
        select
               emp_no
             , emp_lname || emp_name as "emp_name"
             , dept_name
             , substr(job_name, -2) as "job_name"
             , email
             , change_name
          from tb_employee
          join tb_department using(dept_code)
          join tb_job using(job_code)
          left join tb_attachment on (emp_no = up_emp_no and ref_type = 'F' and file_status = 'U')
         where job_code like '__1'
           and emp_status = 'H'
    </select>

    <select id="selectEmpByDept" resultMap="employeeResultSet">
        select
               emp_no
             , emp_lname || emp_name as "emp_name"
             , dept_name
             , substr(job_name, -2) as "job_name"
             , email
             , change_name
          from tb_employee
          join tb_department using(dept_code)
          join tb_job using(job_code)
          left join tb_attachment on (emp_no = up_emp_no and ref_type = 'F' and file_status = 'U')
         where dept_Name = #{deptName}
           and emp_status = 'H'
    </select>

    <select id="checkPhone" resultMap="employeeResultSet">
        select
        emp_no
        from tb_employee
        where phone = #{phone}
    </select>
</mapper>